,Headlines,Inclination,Source
0,Intellectual humility: the importance of knowing you might be wrong,left,Vox
1,The Bipartisan Group That’s Not Afraid of Partisanship,left,The Atlantic
2,Bill Clinton: George H.W. Bush’s Oval Office note to me revealed the heart of who he was,left,Washington Post
3,Can lefties and right-wingers find common ground? One site thinks so,left,San Francisco Chronicle
4,Train for Thanksgiving With Our Angry Uncle Bot,left,Guest Writer - Left
5,'This Is America. This Is Good': Encounter Between Political Rivals Cruz and O'Rourke Proves Civility Not Dead,right,CBN
6,The Way Forward from the Midterms,right,National Review
7,OPINION: Bringing American politics back from the brink,right,Mitch McConnell
8,OPINION; What Do We Have In Common?,right,Ben Shapiro
9,OPINION: Screaming and Whining Aren't Strategies,right,Ben Shapiro
10,"Americans have a New Year's resolution for Washington: Cut it out, already",center,USA TODAY
11,Warning To Democrats: Most Americans Against U.S. Getting More Politically Correct,center,NPR News
12,"Divided America, difficult conversations: If you're ready to have them, here's how",center,Chicago Tribune
13,The Kavanaugh debate was destructive tribalism on steroids: Here’s how we can stop it from happening again,center,The Hill
14,"John McCain: Why Joe Biden will eulogize his longtime friend. 'If he needed my personal help, I’d go'",center,USA TODAY
15,Cyntoia Brown is granted clemency after serving 15 years in prison for killing man who bought her for sex,left,CNN (Web News)
16,Criminal justice reform bill passed by Senate in rare bipartisan victory,left,The Guardian
17,Senate Passes Criminal Justice Reform Bill,left,HuffPost
18,Trump Expected to Endorse Deal to Change Nation’s Sentencing Laws,left,New York Times - News
19,"3 Years Later, The Federal Government Still Hasn’t Counted Sandra Bland’s Death",left,HuffPost
20,Cyntoia Brown granted clemency years after getting life sentence for killing man as teen,right,Fox News
21,'A Breakthrough I'd Never Expect': Why Democrats Are Praising the White House for This Historic Move,right,CBN
22,Senate Overwhelmingly Passes Criminal Justice Overhaul,right,CBN
23,"Innocent Until Proven Guilty, But Only If You Can Pay",right,Reason
24,"Trump Pardons Oregon Cattle Ranchers, Citing ‘Overzealous Appeal’ by Obama Administration",right,Washington Free Beacon
25,Cyntoia Brown: Tennessee governor grants clemency in 2004 murder,center,BBC News
26,US Senate passes sweeping criminal justice reform bill,center,BBC News
27,Trump pardon for Oregon ranchers who inspired refuge standoff,center,Reuters
28,"Erica Garner, outspoken activist after her dad was police chokehold victim, dies",center,USA TODAY
29,Ex-South Carolina cop gets 20 years in prison for black motorist's death,center,Reuters
30,Warren regains footing in Iowa blitz,left,Politico
31,Elizabeth Warren launches exploratory committee ahead of likely 2020 presidential run,left,CNN (Web News)
32,Russian 2016 Influence Operation Targeted African-Americans,left,New York Times - News
33,Russia’s Pro-Trump Disinformation Campaign Used Every Major Social Media Platform,left,Slate
34,"New report on Russian disinformation, prepared for the Senate, shows the operation’s scale and sweep",left,Washington Post
35,"Elizabeth Warren barnstorms Iowa amid 2020 push, says she wants to 'return politics to the people’",right,Fox News
36,She's Running: Guess Who Just Formed a 2020 Exploratory Committee,right,Townhall
37,New Report On Russian Disinformation Shows The Operation’s Scale And Sweep,right,HotAir
38,"To Win Reelection, Trump Must Expand His Coalition",right,National Review
39,Top Hillary Clinton supporters in NH don’t buy the idea of another White House run,right,Fox News
40,Warren's early 2020 bid raises stakes for rest of Dem field,center,The Hill
41,The Top Ten Democrats for 2020,center,The Hill
42,Elizabeth Warren Launches Exploratory Bid For President In 2020,center,NPR News
43,"Russia 'meddled in all big social media' in US election, says report",center,BBC News
44,Kasich continues to explore third presidential campaign,center,USA TODAY
45,EPA Proposes Gutting Obama-Era Rule Protecting 117 Million Americans’ Water,left,HuffPost
46,David Attenborough: collapse of civilisation is on the horizon,left,The Guardian
47,Trump Administration’s Strategy on Climate: Try to Bury Its Own Scientific Report,left,New York Times - News
48,Behold the latest sign of the apocalypse: Air mask selfies in fire-ravaged California,left,Washington Post
49,Trump’s Misleading Claims About California’s Fire ‘Mismanagement’,left,New York Times - News
50,The EPA Wants to Get Out of Puddles and Ditches. Environmental Activists Are Outraged.,right,Reason
51,Identifying the Problem,right,National Review
52,OPINION: Identifying the Problem,right,Guest Writer - Right
53,Trump doesn't believe U.S. government predictions of huge economic losses from climate change,right,Washington Times
54,"Climate report warns of grim economic consequences, worsening weather disasters in US",right,Fox News
55,Trump moves to relax Obama-era water protections,center,The Hill
56,Climate Change Emerging From the Political Shadows,center,Wall Street Journal - News
57,A moral test at climate summit: What do rich nations owe poorer ones?,center,Christian Science Monitor
58,Trump rejects findings of U.S. government climate change report,center,Reuters
59,U.S. report to detail costs of climate change as Trump downplays threat,center,Reuters
60,Falling out,left,Washington Post
61,Ruling Striking Down Obamacare Moves Health Debate to Center Stage,left,New York Times - News
62,Obamacare ruling delivers new shock to health system,left,Politico
63,Federal Judge In Texas Rules Against Obamacare,left,HuffPost
64,We read Democrats’ 8 plans for universal health care. Here’s how they work.,left,Vox
65,Texas ObamaCare Blunder,right,Wall Street Journal - Opinion/Editorial
66,OPINION: Learning the Real Lesson of Obamacare,right,Guest Writer - Right
67,Obamacare ruling poses new problems for GOP,right,Washington Times
68,OPINION: Obamacare Needs an Out-of-Court Settlement,right,Guest Writer - Right
69,Here's how Obama responded to a federal judge declaring Obamacare must be 'invalidated as a whole',right,TheBlaze.com
70,Obamacare: Texas court rules key health law is unconstitutional,center,BBC News
71,President Trump: Ruling against Obamacare offers another chance for repeal and replace,center,USA TODAY
72,Ruling Against Health Law Puts Political Divide in Stark Relief,center,Wall Street Journal - News
73,White House: Obamacare remains intact. Ruling that struck it down is likely to be appealed,center,USA TODAY
74,Federal Judge Rules Affordable Care Act Is Unconstitutional Without Insurance-Coverage Penalty,center,Wall Street Journal - News
75,Trump Asks Supreme Court for Fast Appeal of Transgender Military Ban,left,New York Times - News
76,Trump can't erase transgender people with a memo. But he can make our lives a lot harder.,left,NBCNews.com
77,"The Trump administration’s latest anti-transgender action, explained",left,Vox
78,Trump Administration Eyes Defining Transgender Out of Existence,left,New York Times - News
79,Joe Biden attacks Trump's use of power during LGBTQ dinner speech,left,CNN (Web News)
80,"Pelosi blasts Trump's move to bar transgender troops, calls it 'disgusting' and 'cowardly'",right,Fox News
81,The Trump Administration Isn’t ‘Dehumanizing’ Transgender Americans,right,National Review
82,"When the Political Became the Personal, Gay Rights Triumphed",right,Reason
83,Chelsea Manning and the Problem with Pronouns ,right,National Review
84,"Now That Gorsuch Is Seated, Will Supreme Court Take Up Gay Wedding Cake Case?",right,Reason
85,Trump asks US court for review of transgender military ban,center,BBC News
86,Trump administration considering narrowing legal definition of gender: report,center,The Hill
87,#WeWontBeErased: Outcry over memo proposing US transgender change,center,BBC News
88,Gay rights supporters in India celebrate court ruling,center,USA TODAY
89,Second court rejects Trump bid to stop transgender military recruits,center,Reuters
90,Nuclear Weapons and Warfare,left,RAND Corporation
91,Top General Says He Would Reject An ‘Illegal’ Nuclear Strike Order From Trump,left,HuffPost
92,"Trump takes hard line on Iran, but keeps Obama deal in place",left,ABC News
93,Trump asks Congress to fix Iran deal’s flaws,left,Politico
94,Trump’s “new strategy” on Iran is neither new nor a strategy,left,Vox
95,Nuclear Forces and Strategy,right,The Heritage Foundation
96,"Five Rules for an Age of Terrorism, Nuclear Weapons",right,Cato Institute (blog)
97,High stakes: National security community braces for nuclear brinkmanship if summit fails,right,Washington Times
98,John Bolton: Trump hasn't decided to leave the Iran nuclear deal yet,right,Washington Examiner
99,Top Commander: I'd Decline 'Illegal' Nuclear Order From Trump,right,Newsmax
100,US: North Korea talks moving 'more quickly than expected',center,BBC News
101,North Korea nuclear test tunnels at Punggye-ri 'destroyed',center,BBC News
102,U.S. Outlines Plan on Nuclear-Weapons Use,center,Wall Street Journal - News
103,US nuclear chief would resist 'illegal' presidential strike order,center,BBC News
104,Haley says U.S. to stay in Iran nuclear deal 'right now',center,Reuters
105,Time For Another Tax Cut!,left,Mother Jones
106,OPINION: The creation myth of the billionaire businessman Donald Trump just imploded,left,CNN (Web News)
107,At-risk House Republicans say no to new tax bill,left,Politico
108,EXCLUSIVE: City nixes property tax break for Trump's NYC apartment,left,New York Daily News
109,"Facing Pressure From Amazon, Seattle Repeals ‘Head Tax’",left,HuffPost
110,Top House Republican aims for new tax law in lame-duck session,right,Washington Examiner
111,Trump: Apple Can Avoid Tariffs by Shifting Production to US ,right,Newsmax
112,The unintended target of tax reform: Churches now face 21% penalty,right,Washington Times
113,NYC Yanks Tax Break on Trump's Fifth Avenue Condo,right,Newsmax
114,Stossel: Seattle's 'Amazon Tax',right,Reason
115,"A Year After the Middle Class Tax Cut, the Rich Are Winning",center,Bloomberg
116,"Top U.S. House tax writer floats tax bill on retirement plans, IRS",center,Reuters
117,Follow the Bouncing Ball for Elusive Details on Trump Tax Plan,center,Wall Street Journal - News
118,New York Tax Department Probes Trump Taxes From Decades Ago,center,Bloomberg
119,How the Trump tax law passed: Breaking the gridlock ,center,The Hill
120,Michael Cohen Says Trump Almost Certainly Committed a Crime,left,Vanity Fair
121,Trump denies he 'directed' Michael Cohen to break the law as prosecutors contend,left,ABC News
122,"Trump publicly breaks his silence after former ""fixer"" sentenced to 3 years in prison",left,CNN (Web News)
123,Trump Personally Facilitated Hush Money Payments To Stormy Daniels And Karen McDougal: WSJ,left,HuffPost
124,Trump tops $100 million in fundraising for his own reelection,left,Washington Post
125,First on Nancy Pelosi's Agenda: Attacking Free Expression,right,Reason
126,"Trump says he never directed Cohen to break the law, claims lawyer has liability",right,Washington Times
127,Trump arranged hush money payments to Stormy Daniels and Karen McDougal: Report,right,Washington Examiner
128,Report: Trump played central role in hush payoffs to Stormy Daniels and Karen McDougal,right,Fox News
129,"Yes, He’s Running — And He Has 100 Million Reasons",right,HotAir
130,Former Trump lawyer Michael Cohen sentenced to three years prison,center,Reuters
131,Trump says ex-lawyer Cohen's crimes are 'unrelated to me',center,Reuters
132,Donald Trump Played Central Role in Hush Payoffs to Stormy Daniels and Karen McDougal,center,Wall Street Journal - News
133,Trump raises $100M for reelection bid,center,The Hill
134,How Many Republicans is George Soros Backing in November?,center,IVN
135,Trump Has Promised to Bring Jobs Back. His Tariffs Threaten to Send Them Away.,left,New York Times - News
136,U.S. Jobs Report Highlights Economy’s Strength Despite Market Tumult,left,New York Times - News
137,"Economy added 312,000 jobs in December",left,Politico
138,Dow Jones industrial average rises over 2 percent as U.S. stock markets try to recover from worst Christmas Eve in history,left,Washington Post
139,Economic growth is slowing all around the world,left,Washington Post
140,"US economy added 312,000 jobs in December, blowing past expectations",right,Fox News
141,"Dow soars in seesaw session after Christmas Eve plunge; tech, retail lead gains",right,Fox News
142,Stocks retreat on government shutdown fears,right,Fox News
143,America's Economic Health Has Improved,right,Reason
144,General Motors factory closures could hurt Trump in 2020,right,Washington Examiner
145,'An Eerie Silence' Where Federal Land Agency Workers Are Furloughed,center,NPR News
146,"U.S. Payrolls Rise 312,000, Wages Accelerate in Jobs Blowout",center,Bloomberg
147,Stocks Push Higher After Four-Session Slide,center,Wall Street Journal - News
148,"'Down, down, down': Stocks sink as rate fears, shutdown gloom push Nasdaq into bear market",center,USA TODAY
149,US markets end volatile session in wake of Huawei exec arrest,center,Al Jazeera
150, ‘The new straw poll’: 2020 candidates race to build small-donor armies,left,Politico
151,What do the suburbs want?,left,Vox
152,"In Stunning Power Grab, Wisconsin Republicans Pass Bill Weakening New Governor",left,HuffPost
153,The Lame-Duck Power Grab,left,Slate
154,Mississippi runoff: What we learned from 2018's last Senate race,left,CNN (Web News)
155,Los Angeles County agrees to purge up to 1.5 million voters from its rolls in settlement,right,Washington Times
156,"Hillary Clinton meets with Dem 2020 hopefuls seeking her support, gives advice: report",right,Fox News
157,Progressive Activists Are Poised to Hurt Democrats’ Chances in 2020,right,National Review
158,Republicans wrap up election probes as Dems prepare to take control,right,Fox News
159,"OPINION: Civil is nice, but winning elections is better",right,Guest Writer - Right
160,Fight over North Carolina race set to drag on for months,center,The Hill
161,Wisconsin Republicans pass bill to curb incoming Democrats' power,center,Reuters
162,"Republican-controlled Wisconsin Legislature clears measures weakening incoming Democratic governor, attorney general",center,USA TODAY
163,Republican campaign emails hacked months before election,center,Reuters
164,Republican Hyde-Smith Beats Democrat Espy in Mississippi Senate Runoff,center,Wall Street Journal - News
165,Stars of ‘Intellectual Dark Web’ Scramble to Save Their Cash Cows,left,Daily Beast
166,Are Google and Facebook really suppressing conservative politics?,left,The Guardian
167,Former 'SNL' writer Nimesh Patel kicked off stage at Columbia University for 'inappropriate' standup set,left,Yahoo! News
168,"Donald Trump and Jim Acosta, a Love Story",left,Politico
169,Fox News and other outlets join CNN fight over press access to White House,left,CNN (Web News)
170,"Jordan Peterson is leaving Patreon, should you?",right,Washington Examiner
171,"Franklin Graham Suspended by Facebook, Blocked for His Biblical 'Hate Speech'",right,CBN
172,‘Free Speech’ Means Just That,right,National Review
173,Mary Washington Ruling Threatens Free Speech on Campus,right,Reason
174,Jordan B. Peterson's free speech fight: Author plans to ditch Patreon as censorship battle rages,right,Washington Times
175,Judge will decide Friday whether to force White House to restore press credential to CNN's Jim Acosta,center,USA TODAY
176,"Fox News, other outlets back CNN’s lawsuit against Trump administration",center,The Hill
177,CNN sues White House over revoked credentials of correspondent,center,Reuters
178,"CNN sues Trump administration, demands return of Jim Acosta's White House credentials",center,USA TODAY
179,OPINION: Social media companies are the real 'enemies of the people',center,USA TODAY
180,Room for Debate: Should ‘Birthright Citizenship’ Be Abolished?,left,New York Times - News
181,"Former Presidents Deny Supporting Border Wall, Despite Trump Claims",left,Vanity Fair
182,McConnell Faces Pressure From Republicans to Stop Avoiding Shutdown Fight,left,New York Times - News
183,US authorities fire teargas across border to repel Central Americans,left,The Guardian
184,Trump taunts Pelosi about border wall; invites party leaders to 'border security' meeting,left,ABC News
185,Schumer: 'Trump is a terrible negotiator',right,Washington Times
186,OPINION: The Irrational Allergy to the Wall,right,Rich Lowry
187,"Trump to Pelosi on shutdown, border wall: ‘Let’s make a deal’",right,Fox News
188,Dems' plan to end shutdown punts border battle into February,right,Washington Times
189,Trump blames Democrats for deaths of migrant children at border,right,Washington Times
190,"Trump, Democrats dig in ahead of meeting on government shutdown",center,Reuters
191,Trump invites congressional leaders to border security briefing,center,Reuters
192,House Democrats Lay Out Plan to Reopen Government by Carving Out Wall Fight,center,Wall Street Journal - News
193,Trump Blames Democrats For Deaths Of Migrant Kids As DHS Secretary Visits Border,center,NPR News
194,"Donald Trump, venting fury over budget fight, threatens to close U.S.-Mexico border",center,USA TODAY
195,Chuck Todd Refuses To Give Air Time To Climate Deniers: ‘The Science Is Settled’,left,HuffPost
196,Brett Kavanaugh worried that scandal would end his coaching days. Now the Supreme Court justice is back on the basketball court.,left,Washington Post
197,"Trump Slams CNN Again On Twitter, Proposes ‘Starting Our Own Worldwide Network’",left,HuffPost
198,Trump Proposes State-Run Tv Network to Show the World How Great He Is,left,Vanity Fair
199,"US media must 'get smarter' to tackle Trump, says Hillary Clinton",left,The Guardian
200,Former NYT Editor Claims Paper Went ‘Anti-Trump’ for Profit,right,National Review
201,Ex-New York Times editor Jill Abramson rips paper's 'unmistakably anti-Trump' bias,right,Washington Times
202,Former NY Times editor rips Trump coverage as biased,right,Fox News
204,"NBC News host says no air time for climate 'deniers' on ""Meet the Press': 'Science is settled'",right,Washington Times
205,Chuck Todd says his show is 'not going to give time to climate deniers',center,The Hill
206,"CRTV, TheBlaze merge, bringing together conservatives Glenn Beck, Mark Levin",center,The Hill
207,WaPo places story on Kavanaugh returning to coach girls basketball in 'public safety' section,center,The Hill
208,Trump suggests government start its own worldwide television network,center,The Hill
209,"Fox News: We do 'not condone' hosts Hannity, Pirro participating in Trump campaign events",center,The Hill
210,A new theory for why Republicans and Democrats see the world differently,left,Vox
211,Trump would never have been the nominee if the Republican Party were stronger.,left,Washington Post
212,"OPINION: In 2008, there was hope. In 2081, there was hurt. This is America's state of hate.",left,Guest Writer - Left
213,"Politics really is ruining Thanksgiving, according to data from 10 million cellphones",left,Washington Post
214,‘Takes all of the oxygen out’: Trump further divides political map for 2020,left,Washington Post
215,OPINION: America's Partisanship Is An Inevitable Evolution Of Its Democracy,right,Guest Writer - Right
216,"'This has spiraled downward': Trump, top Democrats put raw partisan divide on full display",right,Washington Times
217,"Sen. Mitch McConnell: Will Dems work with us, or simply put partisan politics ahead of the country?",right,Fox News Editorial
218,Don’t Count on Americans Hating Each Other Any Less Post-Midterms,right,Reason
219,Antifa expands its hit list as political violence escalates,right,Washington Times
220,GOP laments Bush’s death as end of ‘a culture of civility’,center,Associated Press
221,Polarized Politics In The Scrooge Economy,center,Socialist Worker
222,American anxiety,center,The Week
223,McConnell pens editorial calling for bipartisanship after Dems take House,center,The Hill
224,Activists converge on home of Fox's Tucker Carlson: 'You are not safe',center,The Hill
225,What ISIS Really Wants,left,The Atlantic
226,OPINION: The Real Lesson of Sept. 11,left,New York Times - News
227,"""ISIS 3.0"": How Silicon Valley Gave Rise to the Next Generation of Terror",left,Vanity Fair
228,New York Today: An Explosion at Rush Hour,left,New York Times - News
229,Terror suspect sets off pipe bomb in underground subway passage near Port Authority Bus Terminal,left,New York Daily News
230,"Iranian terrorists lurk abroad in guise of diplomats, dissidents report",right,Washington Times
231,Al Qaeda returns? UN panel warns of new bin Laden threat,right,Fox News
232,"Meet ETIM, the terrorist group the US just bombed in Afghanistan",right,Washington Examiner
233,Port Authority explosion: Suspect ID'd in 'attempted terrorist attack',right,Fox News
234,Lindsey Graham: NYC bombing suspect should be held as enemy combatant,right,Washington Examiner
235,"Paris attacker born in Chechnya, was in police database of extremists",center,USA TODAY
236,IS video 'shows deaths of US soldiers in Niger ambush',center,BBC News
237,White Supremacists Killed More Americans Last Year Than Any Other Domestic-Extremist Group,center,Defense One
238,Suspect in Times Square blast timed assault for maximum impact,center,USA TODAY
239,New York Port Authority attack: Man held after Manhattan blast,center,BBC News
240,It’s Unanimous: Senate Approves Long-Suffering Anti-Lynching Bill,left,Newsweek
241,NY Lawmaker Wants To Make Calling Cops On Innocent Black People A Hate Crime,left,HuffPost
242,Oppression in America: 'To root this out we need a movement against racist policies',left,The Guardian
243,The sanctification — and sanitization — of Martin Luther King Jr.,left,Vox
244,Bernice King Believes It’s ‘Critical’ To Heed Martin Luther King’s Lessons Today,left,HuffPost
245,Senate passes anti-lynching bill after nearly 200 failed attempts,right,Washington Times
246,"Judge rejects DOJ, orders speedy trial on Census citizenship question",right,Washington Times
247,Some Racism Is More Equal Than Others,right,American Spectator
248,"Facebook commits to civil rights audit, probe of alleged anti-conservative bias",right,Fox News
249,"Martin Luther King’s wisdom, words and compassion are needed now more than ever",right,Fox News Editorial
250,US passes first anti-lynching law after Senate vote,center,BBC News
251,"George H.W. Bush leaves mixed record on race, civil rights",center,USA TODAY
252,Trump's Race-Baiting Has Infested the GOP,center,Bloomberg
253,Martin Luther King: Are there too many white politicians?,center,BBC News
254,Trump attends civil rights museum opening; black leaders stay away,center,Reuters
255,Implementation of the Common Core State Standards,left,RAND Corporation
256,Betsy DeVos's Commission Says A Way To Prevent School Shootings Is To Drop Disciplinary Protections For Minority Students,left,BuzzFeed News
257,"15,000 defrauded borrowers to have their student loans forgiven after judge rules against DeVos",left,ThinkProgress
258,Why I’m Giving $1.8 Billion for College Financial Aid,left,Michael Bloomberg
259,"Civics lessons: Justices Sonia Sotomayor, Neil Gorsuch on promoting education in citizenship",left,CBS News
260,Donald Trump School Safety Report Urges More Responsible Media Coverage of Mass Shooters,right,Breitbart News
261,"Trump to arm more adults in schools, end Obama's light discipline of troubled students",right,Washington Times
262,OPINION: The Liberal Arts Weren’t Murdered — They Committed Suicide,right,Victor Hanson
263,DeVos to cancel $150M in student loans from closed for-profit colleges,right,Washington Examiner
264,OPINION: Black Education: What Makes Sense?,right,Guest Writer - Right
265,Trump admin seeks to roll back Obama-era policy on school discipline: report,center,The Hill
266,DeVos To Rescind Obama-Era Guidance On School Discipline,center,NPR News
267,"After losing court battle, DeVos to cancel $150 million in student loan debt",center,USA TODAY
268,Michael Bloomberg to Give Johns Hopkins Record $1.8 Billion,center,Wall Street Journal - News
269,"The Teacher Walkouts Moved These Educators To Run. Now, They're Facing Off",center,NPR News
270,Trump's White House just gave you another reason to buy an electric car right away,left,Mashable
271,Iowans were hit hard by tariffs. Trump's new ethanol policy may help Republicans in the midterms.,left,Washington Post
272,"E.P.A.’s New Coal Pollution Rules Will Lead to More Deaths, Agency’s Numbers Show",left,New York Times - News
273,Trump’s Plan for Coal Emissions: Let Coal States Regulate Them,left,New York Times - News
274,"Protester Confronts Zinke On Climate Change, He Snaps: ‘You Haven’t Served’",left,HuffPost
275,Trump EPA orders rollback of Obama mercury regulations,right,Fox News
276,"Trump plans to end subsidies for electric cars, renewable energy",right,Washington Times
277,Trump’s ethanol move is good news for motorists: Pacific Ethanol CEO,right,Fox News
278,"EPA claims replacement for Obama coal rule would save $400 million annually, reduce pollution",right,Washington Examiner
279,"Short on Cash, DNC Does About-Face on Fossil Fuel Donations",right,Townhall
280,Trump Aide Larry Kudlow Calls for End of Electric Vehicle Subsidies,center,Bloomberg
281,Trump to lift ban on higher-ethanol gasoline ahead of November elections,center,Reuters
282,EPA Head Signs Proposal to Undo Restrictions on Coal Plants,center,Wall Street Journal - News
283,"White House Proposal Rolls Back Fuel Economy Standards, No Exception For California",center,NPR News
284,U.S. and Allies Consider Possible Oil-Reserve Release,center,Wall Street Journal - News
285,Democrats to honor sad anniversary in introducing gun background checks bill on Tuesday,left,Daily Kos
286,Justice Department will ban bump-stock devices that turn rifles into fully automatic weapons,left,Washington Post
287,Newly empowered Democrats ramp up calls for stronger gun control,left,The Guardian
288,British Prime Minister Battles To Save Brexit Deal As Ministers Quit,left,HuffPost
289,I looked for a state that’s taking gun violence seriously. I found Massachusetts.,left,Vox
290,House Democrats to introduce gun background check bill next week,right,TheBlaze.com
291,California Says Residents With Vacated Out-of-State Convictions May Not Own Guns,right,Reason
292,"DOJ, ATF Are About to Find Themselves in Court Over the Newly-Released Bump Stock Ban",right,Townhall
293,"Oakland University, a Gun-Free Zone, Is Giving Students Hockey Pucks to Defend Themselves from Mass Shooters",right,Reason
294,South Dakotans may soon be able to carry concealed handguns without a permit,right,Fox News
295,Trump administration bans bump stocks,center,The Hill
296,Levi Strauss CEO: Why Business Leaders Need to Take a Stand on Gun Violence,center,Fortune
297,Betsy DeVos says she won't stand in way of schools buying guns,center,USA TODAY
298,David Hogg plans to run for Congress when he’s 25,center,The Hill
299,Are security upgrades enough for Texas school shooting students?,center,USA TODAY
300,NPR teaches listeners about the proper care and feeding of white nationalists,left,Washington Post
301,Mitt Romney’s statement on the Charlottesville anniversary strikes a chord Trump cannot,left,Vox
302,"In Trump's White House, Charlottesville was a moment that wasn't",left,CNN (Web News)
303,"Income inequality is changing how we think, live, and die",left,Vox
304,Trump signs bill blocking consumer bureau auto-lending measure,left,Politico
305,The Problem with the Left’s Attempts to Redefine Racism,right,National Review
306,The alienation behind the madness of Unite the Right,right,Washington Examiner
307,"Trump denounces ‘all types of racism’ ahead of Unite the Right rally, anniversary",right,Washington Examiner
308,The Tyranny of the Administrative State,right,Reason
309,HUD chief Ben Carson proposes hiking rents for some low-income Americans getting housing subsidies,right,Fox News
310,‘Unite the Right 2’ exposes white nationalist movement in disarray,center,The Hill
311,"A year after Charlottesville rally, white nationalists enter mainstream conversation",center,USA TODAY
312,"A Year After Charlottesville, the Alt-Right Movement Frays",center,Wall Street Journal - News
313,Trump signs resolution killing rule intended to prevent racial bias in auto lending,center,USA TODAY
314,Carson plan would raise rent for millions in public housing,center,Associated Press
315,This is not the way to leave Syria,left,Washington Post
316,The entire Senate just said Trump is wrong about Jamal Khashoggi,left,Washington Post
317,The Wooing of Jared Kushner: How the Saudis Got a Friend in the White House,left,New York Times - News
318,"Senators, Furious Over Khashoggi Killing, Spurn President on War in Yemen",left,New York Times - News
319,"For Trump, the Truth About Jamal Khashoggi Is Beside the Point",left,The Atlantic
320,The Mission in Syria Was Mission Creep,right,National Review
321,"The Frustrating Necessity of Staying in Syria and Afghanistan, Explained",right,National Review
322,"Senator Marco Rubio: Hold Saudis accountable, but don't ignore Iran in Yemen",right,Fox News Editorial
323,Mattis Says There Is 'No Smoking Gun' Connecting Saudi Crown Prince to Khashoggi's Murder,right,Townhall
324,Trump's mealy-mouthed statement on the Jamal Khashoggi murder is actually prudent,right,Washington Examiner
325,Syrian surprise: How Trump's phone call changed the war,center,Reuters
326,Syria war: Pro-government forces 'enter Manbij' amid Turkey threats,center,BBC News
327,Senators vote to end US backing for Saudi war on Yemen,center,BBC News
328,Turkish prosecutor seeks arrests of Saudis over Khashoggi murder,center,Al Jazeera
329,How Iran spreads disinformation around the world,center,Reuters
330,Small hand of government: Trump's aim to shrink the state pleases conservatives,left,The Guardian
331,New York City to End Solitary Confinement for Inmates 21 and Under,left,New York Times - News
332,Think bigger,left,Washington Post
333,The end of government,left,Washington Post
334,Obama: There are legitimate reasons to worry about federal overreach,left,Washington Post
335,The Right Should Reject Tucker Carlson’s Victimhood Populism,right,National Review
336,"OPINION: When Government Becomes Everything, Everything Becomes Crazy",right,Ben Shapiro
337,A Fairness Doctrine for the Internet?,right,National Review
338,Trump’s DACA Repeal Is a Pause in the Trend toward Executive Overreach  ,right,National Review
339,Why Libertarians Should Want *More* Trust in Government,right,Reason
340,Trump says he's trying to 'reduce size of government' — but he's really not,center,USA TODAY
341,Houston floods: White House seeks disaster aid from Congress,center,BBC News
342,Why courts could rein in executive power – after decades of allowing it,center,Christian Science Monitor
343,"Missing Perspectives: What’s more important, democracy or limited government?",center,Beth Ballentine
344,"When leaders cheat, followers ... follow",center,USA TODAY
345,Remember when Trump said he’d fix the trade deficit? It just rose again.,left,ThinkProgress
346,Trump has threatened to withdraw from NAFTA. What’s next?,left,Vox
347,Lawmakers wary of Trump’s threat to cancel NAFTA,left,Washington Post
348,"After Trump summit, no mention in China of 90-day deadline or trade concessions",left,Washington Post
349,"Trump Calls Truce in China Trade War a Big Success, but Little Is Known About the Deal",left,New York Times - News
350,"After Trump touts ‘Big progress’ in trade talks, China expresses willingness to work with US through ‘storms’",right,Fox News
351,Trump corners Democrats with threat to kill NAFTA: 'It is going to force Congress to act',right,Washington Times
352,OPINION: The Dangers of Asymmetry,right,Victor Hanson
353,"China in Trouble: Exports, Imports Shrinking",right,Newsmax
354,Trump's War on Trade,right,Reason
355,U.S. Pushes China to Follow Through on Trade Promises,center,Wall Street Journal - News
356,U.S. and China Fleshing Out Trade Deal,center,Wall Street Journal - News
357,China Heads Into Trade Talks Bracing for More U.S. Demands,center,Bloomberg
358,China Prepares Policy to Increase Access for Foreign Companies,center,Wall Street Journal - News
359,Record imports push US trade gap to $55.5 billion in October,center,Associated Press
360,Trump wages intense but lonely campaign for his border wall,left,Politico
361,OPINION: Prime-time Trump faces credibility crisis,left,Guest Writer - Left
362,President Trump’s nonsensical claim that Mexico is paying for the wall,left,Washington Post
363,OPINION: There is no security crisis at the border,left,Guest Writer - Left
364,Why Mike Pence Couldn’t End the Shutdown,left,The Atlantic
365,U.S. towns with federal workers brace for impact as the shutdown continues,left,Washington Post
366,OPINION: Cornered: Trump escalates shutdown crisis,left,CNN - Editorial
367,Steve Scalise Feuds With Alexandria Ocasio-Cortez Over ‘Radical Followers’ On Twitter,left,HuffPost
368,Will Adam Schiff pose a bigger threat to Trump than Robert Mueller?,left,The Guardian
369,Is America’s future capitalist or socialist?,left,Vox
370,Chief Of Staff To Defense Secretary Resigns 5 Days After Departure of James Mattis,left,HuffPost
371,Pence and White House officials leave meeting with congressional aides with no end to shutdown,left,Washington Post
376,"Ocasio-Cortez attacks fact-checkers for 'false equivalency,' 'bias'",right,Fox News
377,All Four Living Presidents Open Up About Their Feelings on Trump's Border Wall,right,Townhall
378,The Democratic Party: A Study in Terminal Lucidity,right,American Spectator
379,OPINION: America Needs Virtue before Prosperity,right,Ben Shapiro
380,Trump on unprecedented collision course with retired military commanders: 'It's not normal',right,Washington Times
381,RBG to Miss All Oral Arguments Today,right,Townhall
382,Recession on the Horizon? Why This Economist Says the Fed Is a 'Villain' That's Causing a Disaster,right,CBN
383,OPINION: Tucker Carlson Thinks the Problem With America Is Market Capitalism,right,Guest Writer - Right
384,OPINION: The Health of Nations,right,Guest Writer - Right
385,"Trump cites unlikely allies Clinton, Obama amid border wall showdown",right,Fox News
386,House Democrats to pass piecemeal spending bills as next shutdown gambit,right,Washington Times
387,Rep. Adam Smith says Trump wall declaration wide open to court challenge: 'Where is the emergency?',right,Washington Times
390,"Pelosi cranks up shutdown pressure on Trump, GOP",center,The Hill
391,US government shutdown: Trump to make border wall speech,center,BBC News
392,Trump to press U.S. border 'crisis' in televised address,center,Reuters
393,President Trump could declare a national emergency. But would that get him funds for a wall?,center,USA TODAY
394,When Is It Legal to Declare a National Emergency?,center,Wall Street Journal - News
395,"News Posts With Moral and Emotional Language Spread Quickly, But Deepen Polarization",center,AllSides
396,Rep. Alexandria Ocasio-Cortez: 'No question' President Donald Trump is racist,center,USA TODAY
397,Trump Has Four Days Before Many Federal Workers Start Missing Paychecks,center,Bloomberg
398,White House Adds To List Of Border Demands As Shutdown Continues,center,NPR News
401,"US withdrawal from Syria depends on conditions, John Bolton says",center,USA TODAY
402,President Trump says border wall fight is 'very important battle to win',center,USA TODAY
404,US Shutdown Talks Set to Resume ,center,BBC News
